{
  "version": 1,
  "author": "sepide",
  "editor": "wokwi",
  "parts": [
    { "type": "board-esp32-devkit-c-v4", "id": "esp", "top": -19.2, "left": -23.96, "attrs": {} },
    { "type": "wokwi-dht22", "id": "dht1", "top": -66.9, "left": 138.6, "attrs": {} }
  ],
  "connections": [
    [ "esp:TX", "$serialMonitor:RX", "", [] ],
    [ "esp:RX", "$serialMonitor:TX", "", [] ],
    [ "esp:3V3", "dht1:VCC", "green", [ "h0.15", "v-48", "h153.6", "v86.4" ] ],
    [ "esp:GND.2", "dht1:GND", "black", [ "v0", "h48", "v48", "h57.6" ] ],
    [ "esp:4", "dht1:SDA", "green", [ "h0" ] ]
  ],
  "dependencies": {}
}